Best_BatchSize,Scaled_LR,MAE,RMSE,MAPE,R2
192,0.0008660254037844386,37.520311347089795,45.073614258500314,26.174476013951413,-8.135824882089594
