Best_BatchSize,Scaled_LR,MAE,RMSE,MAPE,R2
32,0.0003535533905932738,34.05341448003502,36.0313202418756,21.581173494689292,-4.837990046675034
