Model,Loss,LR,MAE,RMSE,MAPE,R2,Directional_Acc
CNN+LSTM(Sigmoid)+Huber,Huber,0.0005,55.39429825433094,57.36452077836987,35.24505064840627,-13.797547362101968,0.5161290322580645
