Best_BatchSize,Scaled_LR,MAE,RMSE,MAPE,R2
128,0.0014142135623730952,32.63027976855411,34.85267328540028,20.69244317811456,-4.462295479124618
