Best_BatchSize,Scaled_LR,MAE,RMSE,MAPE,R2
96,0.0009797958971132711,48.776673452202985,50.880637061972465,30.947741404041363,-10.641476871905388
